rmse_m,mae_m,korelasi_r,willmott_d,n_data,station,month,month_number,year
0.0537153892019805,0.0434510850440741,0.996826462849744,0.9962861016164544,737,Congot,January,1,2027
0.0623730510566153,0.0545290949227177,0.9977980429416916,0.9953657465692084,665,Congot,February,2,2027
0.0607647599394257,0.0516814830856076,0.9966087913342884,0.9952020183665646,737,Congot,March,3,2027
0.0528104004084666,0.041762643607297,0.9952914547325968,0.9962369577872282,713,Congot,April,4,2027
0.038145902724007,0.0307890968635302,0.9960092452803184,0.9978726055304356,737,Congot,May,5,2027
0.0341346344966284,0.0291360155244929,0.9976727401463276,0.9983361361522934,713,Congot,June,6,2027
0.0478574667900131,0.0397408017052579,0.9972904013684818,0.9968466714295812,737,Congot,July,7,2027
0.0573219270927963,0.0483255623665316,0.996632982455462,0.995810013677607,737,Congot,August,8,2027
0.0541211494526094,0.0466385045151102,0.9976026985350122,0.9964086094609644,713,Congot,September,9,2027
0.043324029389833,0.0366428648489229,0.9983842081727798,0.9977175050558996,737,Congot,October,10,2027
0.0344202163429561,0.0281096191879925,0.99759822939298,0.9983944240538714,713,Congot,November,11,2027
0.0367160279561854,0.0282988527349012,0.9966220734122784,0.9981593292042916,737,Congot,December,12,2027
0.0537153892019805,0.0434510850440741,0.996826462849744,0.9962861016164544,737,Glagah,January,1,2027
0.0623730510566153,0.0545290949227177,0.9977980429416916,0.9953657465692084,665,Glagah,February,2,2027
0.0607647599394257,0.0516814830856076,0.9966087913342884,0.9952020183665646,737,Glagah,March,3,2027
0.0528104004084666,0.041762643607297,0.9952914547325968,0.9962369577872282,713,Glagah,April,4,2027
0.038145902724007,0.0307890968635302,0.9960092452803184,0.9978726055304356,737,Glagah,May,5,2027
0.0341346344966284,0.0291360155244929,0.9976727401463276,0.9983361361522934,713,Glagah,June,6,2027
0.0478574667900131,0.0397408017052579,0.9972904013684818,0.9968466714295812,737,Glagah,July,7,2027
0.0573219270927963,0.0483255623665316,0.996632982455462,0.995810013677607,737,Glagah,August,8,2027
0.0541211494526094,0.0466385045151102,0.9976026985350122,0.9964086094609644,713,Glagah,September,9,2027
0.043324029389833,0.0366428648489229,0.9983842081727798,0.9977175050558996,737,Glagah,October,10,2027
0.0344202163429561,0.0281096191879925,0.99759822939298,0.9983944240538714,713,Glagah,November,11,2027
0.0367160279561854,0.0282988527349012,0.9966220734122784,0.9981593292042916,737,Glagah,December,12,2027
0.05454636211755,0.0437089074665351,0.9967460575739387,0.99619702845294,737,Bugel,January,1,2027
0.0629486305619969,0.0542373570491769,0.9977614709096296,0.9953182380595758,665,Bugel,February,2,2027
0.0604781685742699,0.0509871227045401,0.9967620565817744,0.9952853141062856,737,Bugel,March,3,2027
0.0520388394931779,0.0408029531222985,0.9954963630783482,0.9963733488627312,713,Bugel,April,4,2027
0.0376465662590465,0.0300819067859248,0.996072896204192,0.9979422078015988,737,Bugel,May,5,2027
0.0342093302775474,0.0291489920558132,0.9976066307603846,0.9983398568829756,713,Bugel,June,6,2027
0.048152723586409,0.0403073930196682,0.997232030214728,0.9968292177333138,737,Bugel,July,7,2027
0.0583530594092451,0.0492454002731358,0.9965523273317728,0.9956919444135494,737,Bugel,August,8,2027
0.0555206491214604,0.0478993042233015,0.9975215946226964,0.9962534888648428,713,Bugel,September,9,2027
0.0442705582130668,0.0376433280360748,0.9983389359144484,0.997637069133294,737,Bugel,October,10,2027
0.0343137292284095,0.0278920852976985,0.9976555616758336,0.9984160227701876,713,Bugel,November,11,2027
0.0369292700307951,0.028298954248353,0.9966307765940357,0.9981502483972938,737,Bugel,December,12,2027
0.05454636211755,0.0437089074665351,0.9967460575739387,0.99619702845294,737,Trisik,January,1,2027
0.0629486305619969,0.0542373570491769,0.9977614709096296,0.9953182380595758,665,Trisik,February,2,2027
0.0604781685742699,0.0509871227045401,0.9967620565817744,0.9952853141062856,737,Trisik,March,3,2027
0.0520388394931779,0.0408029531222985,0.9954963630783482,0.9963733488627312,713,Trisik,April,4,2027
0.0376465662590465,0.0300819067859248,0.996072896204192,0.9979422078015988,737,Trisik,May,5,2027
0.0342093302775474,0.0291489920558132,0.9976066307603846,0.9983398568829756,713,Trisik,June,6,2027
0.048152723586409,0.0403073930196682,0.997232030214728,0.9968292177333138,737,Trisik,July,7,2027
0.0583530594092451,0.0492454002731358,0.9965523273317728,0.9956919444135494,737,Trisik,August,8,2027
0.0555206491214604,0.0478993042233015,0.9975215946226964,0.9962534888648428,713,Trisik,September,9,2027
0.0442705582130668,0.0376433280360748,0.9983389359144484,0.997637069133294,737,Trisik,October,10,2027
0.0343137292284095,0.0278920852976985,0.9976555616758336,0.9984160227701876,713,Trisik,November,11,2027
0.0369292700307951,0.028298954248353,0.9966307765940357,0.9981502483972938,737,Trisik,December,12,2027
0.05454636211755,0.0437089074665351,0.9967460575739387,0.99619702845294,737,Ngenthak,January,1,2027
0.0629486305619969,0.0542373570491769,0.9977614709096296,0.9953182380595758,665,Ngenthak,February,2,2027
0.0604781685742699,0.0509871227045401,0.9967620565817744,0.9952853141062856,737,Ngenthak,March,3,2027
0.0520388394931779,0.0408029531222985,0.9954963630783482,0.9963733488627312,713,Ngenthak,April,4,2027
0.0376465662590465,0.0300819067859248,0.996072896204192,0.9979422078015988,737,Ngenthak,May,5,2027
0.0342093302775474,0.0291489920558132,0.9976066307603846,0.9983398568829756,713,Ngenthak,June,6,2027
0.048152723586409,0.0403073930196682,0.997232030214728,0.9968292177333138,737,Ngenthak,July,7,2027
0.0583530594092451,0.0492454002731358,0.9965523273317728,0.9956919444135494,737,Ngenthak,August,8,2027
0.0555206491214604,0.0478993042233015,0.9975215946226964,0.9962534888648428,713,Ngenthak,September,9,2027
0.0442705582130668,0.0376433280360748,0.9983389359144484,0.997637069133294,737,Ngenthak,October,10,2027
0.0343137292284095,0.0278920852976985,0.9976555616758336,0.9984160227701876,713,Ngenthak,November,11,2027
0.0369292700307951,0.028298954248353,0.9966307765940357,0.9981502483972938,737,Ngenthak,December,12,2027
0.05454636211755,0.0437089074665351,0.9967460575739387,0.99619702845294,737,Kuwaru,January,1,2027
0.0629486305619969,0.0542373570491769,0.9977614709096296,0.9953182380595758,665,Kuwaru,February,2,2027
0.0604781685742699,0.0509871227045401,0.9967620565817744,0.9952853141062856,737,Kuwaru,March,3,2027
0.0520388394931779,0.0408029531222985,0.9954963630783482,0.9963733488627312,713,Kuwaru,April,4,2027
0.0376465662590465,0.0300819067859248,0.996072896204192,0.9979422078015988,737,Kuwaru,May,5,2027
0.0342093302775474,0.0291489920558132,0.9976066307603846,0.9983398568829756,713,Kuwaru,June,6,2027
0.048152723586409,0.0403073930196682,0.997232030214728,0.9968292177333138,737,Kuwaru,July,7,2027
0.0583530594092451,0.0492454002731358,0.9965523273317728,0.9956919444135494,737,Kuwaru,August,8,2027
0.0555206491214604,0.0478993042233015,0.9975215946226964,0.9962534888648428,713,Kuwaru,September,9,2027
0.0442705582130668,0.0376433280360748,0.9983389359144484,0.997637069133294,737,Kuwaru,October,10,2027
0.0343137292284095,0.0278920852976985,0.9976555616758336,0.9984160227701876,713,Kuwaru,November,11,2027
0.0369292700307951,0.028298954248353,0.9966307765940357,0.9981502483972938,737,Kuwaru,December,12,2027
0.05454636211755,0.0437089074665351,0.9967460575739387,0.99619702845294,737,Goa Cemara,January,1,2027
0.0629486305619969,0.0542373570491769,0.9977614709096296,0.9953182380595758,665,Goa Cemara,February,2,2027
0.0604781685742699,0.0509871227045401,0.9967620565817744,0.9952853141062856,737,Goa Cemara,March,3,2027
0.0520388394931779,0.0408029531222985,0.9954963630783482,0.9963733488627312,713,Goa Cemara,April,4,2027
0.0376465662590465,0.0300819067859248,0.996072896204192,0.9979422078015988,737,Goa Cemara,May,5,2027
0.0342093302775474,0.0291489920558132,0.9976066307603846,0.9983398568829756,713,Goa Cemara,June,6,2027
0.048152723586409,0.0403073930196682,0.997232030214728,0.9968292177333138,737,Goa Cemara,July,7,2027
0.0583530594092451,0.0492454002731358,0.9965523273317728,0.9956919444135494,737,Goa Cemara,August,8,2027
0.0555206491214604,0.0478993042233015,0.9975215946226964,0.9962534888648428,713,Goa Cemara,September,9,2027
0.0442705582130668,0.0376433280360748,0.9983389359144484,0.997637069133294,737,Goa Cemara,October,10,2027
0.0343137292284095,0.0278920852976985,0.9976555616758336,0.9984160227701876,713,Goa Cemara,November,11,2027
0.0369292700307951,0.028298954248353,0.9966307765940357,0.9981502483972938,737,Goa Cemara,December,12,2027
0.0579374103460815,0.0457763964959016,0.9963536897426012,0.9957482315646988,737,Samas,January,1,2027
0.066302865588106,0.0559784648454302,0.9974947759365582,0.994859857379732,665,Samas,February,2,2027
0.0618790600014934,0.0517170556687845,0.9969625134033604,0.9951161408531884,737,Samas,March,3,2027
0.0515274830362203,0.0402255995461987,0.9959131666452788,0.9964803603406986,713,Samas,April,4,2027
0.0370501208005761,0.0290133135481285,0.9962294294980744,0.9980269545030584,737,Samas,May,5,2027
0.0355067815830065,0.030067250055371,0.9974323297403582,0.9982295661649254,713,Samas,June,6,2027
0.0502370826049629,0.0423879906555503,0.9970769412357762,0.9965832062024056,737,Samas,July,7,2027
0.0614583381702223,0.0520433943434813,0.996388860494786,0.9952699256762306,737,Samas,August,8,2027
0.0592870290433896,0.0512147742968496,0.9973091246143264,0.9957743473203458,713,Samas,September,9,2027
0.0476328974193199,0.0407117483988045,0.9981230108383732,0.9972949711753732,737,Samas,October,10,2027
0.0358338241121334,0.0288516364426424,0.9975422271045092,0.9982897708306556,713,Samas,November,11,2027
0.0387996320238551,0.0297454569990525,0.996422886529829,0.99797601193217,737,Samas,December,12,2027
0.0579374103460815,0.0457763964959016,0.9963536897426012,0.9957482315646988,737,Depok,January,1,2027
0.066302865588106,0.0559784648454302,0.9974947759365582,0.994859857379732,665,Depok,February,2,2027
0.0618790600014934,0.0517170556687845,0.9969625134033604,0.9951161408531884,737,Depok,March,3,2027
0.0515274830362203,0.0402255995461987,0.9959131666452788,0.9964803603406986,713,Depok,April,4,2027
0.0370501208005761,0.0290133135481285,0.9962294294980744,0.9980269545030584,737,Depok,May,5,2027
0.0355067815830065,0.030067250055371,0.9974323297403582,0.9982295661649254,713,Depok,June,6,2027
0.0502370826049629,0.0423879906555503,0.9970769412357762,0.9965832062024056,737,Depok,July,7,2027
0.0614583381702223,0.0520433943434813,0.996388860494786,0.9952699256762306,737,Depok,August,8,2027
0.0592870290433896,0.0512147742968496,0.9973091246143264,0.9957743473203458,713,Depok,September,9,2027
0.0476328974193199,0.0407117483988045,0.9981230108383732,0.9972949711753732,737,Depok,October,10,2027
0.0358338241121334,0.0288516364426424,0.9975422271045092,0.9982897708306556,713,Depok,November,11,2027
0.0387996320238551,0.0297454569990525,0.996422886529829,0.99797601193217,737,Depok,December,12,2027
0.0468880149879532,0.0393190483797834,0.9982959723011662,0.9974091692964911,737,Baron,January,1,2027
0.0581816800810236,0.0538626760812969,0.9989527308279162,0.9963482204953944,665,Baron,February,2,2027
0.0559718871832488,0.0503058833505102,0.9985564733125696,0.9963146428751154,737,Baron,March,3,2027
0.0459842654595125,0.0376002508705065,0.9976957178397814,0.9974068616254462,713,Baron,April,4,2027
0.0320836344084145,0.0264580797679022,0.9976445445374128,0.9986239586400514,737,Baron,May,5,2027
0.0309353014644244,0.0254708394698735,0.9983836228215486,0.9987472756592308,713,Baron,June,6,2027
0.0435920084993112,0.0363671452275849,0.998276241825425,0.997609623899334,737,Baron,July,7,2027
0.0510529896053595,0.0438291526243509,0.9981284174445734,0.9969935508034632,737,Baron,August,8,2027
0.0500361016271655,0.0436519809425738,0.9985859580035956,0.9972384238696116,713,Baron,September,9,2027
0.0421279704000763,0.0363262148969014,0.9989394009140472,0.9980484667320914,737,Baron,October,10,2027
0.0312346327169655,0.0251549280445375,0.998565487217818,0.9987892075847552,713,Baron,November,11,2027
0.0285660898846414,0.0231821209886174,0.9981872104503482,0.9989738535575988,737,Baron,December,12,2027
0.0518164821105775,0.0405649970994075,0.9976602893655532,0.9969056875804349,737,Jungwok,January,1,2027
0.0624359961825348,0.0549518758576211,0.998526154326288,0.9959029092229836,665,Jungwok,February,2,2027
0.057961783074619,0.0514768655117757,0.998606440629826,0.996160920757251,737,Jungwok,March,3,2027
0.0454118529542243,0.036285285143982,0.9980434079283456,0.99754798382981,713,Jungwok,April,4,2027
0.030177364134897,0.0236403876547437,0.9978892774254146,0.998818474643712,737,Jungwok,May,5,2027
0.0306911635757598,0.0255179281154293,0.9984085135099884,0.998800070212377,713,Jungwok,June,6,2027
0.045658837797409,0.0387070976979682,0.9981919322768829,0.9974443927931256,737,Jungwok,July,7,2027
0.0559692356272392,0.0485261074180189,0.9978897971173348,0.9964847982722717,737,Jungwok,August,8,2027
0.0556865246449823,0.0491419801317029,0.9984623396462388,0.9966802032150543,713,Jungwok,September,9,2027
0.0464435227635037,0.0401821738604311,0.998831732723912,0.997697479105838,737,Jungwok,October,10,2027
0.0324521933071732,0.0259720509242103,0.998474350535833,0.9987268915169611,713,Jungwok,November,11,2027
0.0313508594293099,0.024483077514149,0.9978599053214062,0.9987920034208804,737,Jungwok,December,12,2027
0.047136638614991,0.0400468763374153,0.9985625023167624,0.9975465142978064,737,Sadeng,January,1,2027
0.0599512679474759,0.054990272916061,0.999027110865336,0.9963929543330292,665,Sadeng,February,2,2027
0.0590888259257732,0.0518510153547172,0.9984877129607446,0.9961936075344168,737,Sadeng,March,3,2027
0.049808702907006,0.0411129178607608,0.9975407979794404,0.99718276373624,713,Sadeng,April,4,2027
0.0363261121349019,0.0294782659489438,0.997471347642656,0.9983607137143335,737,Sadeng,May,5,2027
0.034867690949094,0.0286578253954617,0.9982455998446812,0.9985149044008816,713,Sadeng,June,6,2027
0.0457456564496033,0.0376322510416282,0.9982514040117476,0.997541723697395,737,Sadeng,July,7,2027
0.0521055158841606,0.044399308431803,0.9981696959003734,0.9970902497693857,737,Sadeng,August,8,2027
0.0514079288901186,0.0442146236743009,0.9985282689054872,0.9973029699974688,713,Sadeng,September,9,2027
0.0445549083235991,0.0372260902232698,0.9988439037293402,0.9979768942412386,737,Sadeng,October,10,2027
0.0345599194263182,0.0276308026273068,0.998526668638898,0.9986167092237008,713,Sadeng,November,11,2027
0.0313128986325818,0.0265132058142418,0.998271759331384,0.998843723761866,737,Sadeng,December,12,2027
0.0470867631347414,0.0399874968288578,0.9982184679085688,0.9973612851591132,737,Gesing,January,1,2027
0.0586626747919344,0.0536366027110042,0.9987814027477814,0.9962451003787848,665,Gesing,February,2,2027
0.0573797462903236,0.0502341634610637,0.998199188099472,0.9960783635287768,737,Gesing,March,3,2027
0.048682032493421,0.0400198407617597,0.9972606095115492,0.9970550515726634,713,Gesing,April,4,2027
0.035608635687466,0.0291712809781089,0.9973018058639156,0.9982830152114384,737,Gesing,May,5,2027
0.0337478468548885,0.0272970049954461,0.998143396998697,0.9984913968592132,713,Gesing,June,6,2027
0.0448880185779916,0.0366997744030153,0.998051458932284,0.9974367760273858,737,Gesing,July,7,2027
0.0511337877107927,0.0433692944071996,0.9979586053262036,0.9969475368145624,737,Gesing,August,8,2027
0.0499705373556566,0.0427402146398011,0.9983920283520342,0.9972089422126942,713,Gesing,September,9,2027
0.0429955764181595,0.035951012326192,0.9987502247159205,0.9979399660568224,737,Gesing,October,10,2027
0.0337537397377248,0.0271571904059193,0.998332545384328,0.9985692153333448,713,Gesing,November,11,2027
0.0306425030191884,0.0253003106874685,0.998012511502763,0.998807168494018,737,Gesing,December,12,2027
0.0526339921032584,0.0444698759263283,0.9971037999199424,0.996374797394166,737,Congot,January,1,2028
0.0627411237886746,0.0554803154329021,0.9977533074395476,0.9950691990494628,689,Congot,February,2,2028
0.0611646190784222,0.052269041073967,0.9968727361790284,0.9953854963192692,737,Congot,March,3,2028
0.0511590298610302,0.0393442763270039,0.9956519223581548,0.9965915222213166,713,Congot,April,4,2028
0.0376789235569567,0.0288821623573317,0.9962373497149128,0.99801091586077,737,Congot,May,5,2028
0.0330950847798526,0.027882674551227,0.9977629566632747,0.9984738050921514,713,Congot,June,6,2028
0.0463056850867245,0.0389400017817834,0.9975475274047816,0.9970998617958938,737,Congot,July,7,2028
0.0579396818901444,0.0491892271064395,0.9968958261020806,0.9955783376703816,737,Congot,August,8,2028
0.0543521773171671,0.0466589316900424,0.9977168104099946,0.9962232805996032,713,Congot,September,9,2028
0.0417531506310773,0.0361571668860094,0.9983932555238514,0.9976848608573344,737,Congot,October,10,2028
0.0315046598494128,0.0251445765732433,0.997977700179298,0.9986554800864734,713,Congot,November,11,2028
0.0350121165719957,0.028738822577868,0.9969786887139824,0.998342757960336,737,Congot,December,12,2028
0.0526339921032584,0.0444698759263283,0.9971037999199424,0.996374797394166,737,Glagah,January,1,2028
0.0627411237886746,0.0554803154329021,0.9977533074395476,0.9950691990494628,689,Glagah,February,2,2028
0.0611646190784222,0.052269041073967,0.9968727361790284,0.9953854963192692,737,Glagah,March,3,2028
0.0511590298610302,0.0393442763270039,0.9956519223581548,0.9965915222213166,713,Glagah,April,4,2028
0.0376789235569567,0.0288821623573317,0.9962373497149128,0.99801091586077,737,Glagah,May,5,2028
0.0330950847798526,0.027882674551227,0.9977629566632747,0.9984738050921514,713,Glagah,June,6,2028
0.0463056850867245,0.0389400017817834,0.9975475274047816,0.9970998617958938,737,Glagah,July,7,2028
0.0579396818901444,0.0491892271064395,0.9968958261020806,0.9955783376703816,737,Glagah,August,8,2028
0.0543521773171671,0.0466589316900424,0.9977168104099946,0.9962232805996032,713,Glagah,September,9,2028
0.0417531506310773,0.0361571668860094,0.9983932555238514,0.9976848608573344,737,Glagah,October,10,2028
0.0315046598494128,0.0251445765732433,0.997977700179298,0.9986554800864734,713,Glagah,November,11,2028
0.0350121165719957,0.028738822577868,0.9969786887139824,0.998342757960336,737,Glagah,December,12,2028
0.0531179758794036,0.0445659262332075,0.9970578172698992,0.9963353952796976,737,Bugel,January,1,2028
0.0631711955482391,0.0554050100013731,0.9977480509599682,0.9950418839284518,689,Bugel,February,2,2028
0.0608467475150676,0.0515867677706606,0.997017161705514,0.99547086926976,737,Bugel,March,3,2028
0.0506603073704234,0.0384676854203973,0.9957677891447234,0.9966821148327568,713,Bugel,April,4,2028
0.0377825920774235,0.0287039419538514,0.9961698233094682,0.9980136410371968,737,Bugel,May,5,2028
0.033730518504916,0.0286609620909076,0.997633491783579,0.9984255384468004,713,Bugel,June,6,2028
0.0466924308045864,0.0392531848435818,0.9975091626817768,0.9970718879985898,737,Bugel,July,7,2028
0.0586121942988734,0.0498882365651742,0.996871145863983,0.9955091063928052,737,Bugel,August,8,2028
0.055541607588266,0.0477449353598989,0.9976509451470166,0.9960895055015144,713,Bugel,September,9,2028
0.0426873940915598,0.0368891915330008,0.9983404249767868,0.9976013235586876,737,Bugel,October,10,2028
0.0315797746048577,0.0250905427593606,0.9980046704913904,0.9986595049811052,713,Bugel,November,11,2028
0.0352172149153615,0.0288768257688693,0.99697954726523,0.9983344829749796,737,Bugel,December,12,2028
0.0531179758794036,0.0445659262332075,0.9970578172698992,0.9963353952796976,737,Trisik,January,1,2028
0.0631711955482391,0.0554050100013731,0.9977480509599682,0.9950418839284518,689,Trisik,February,2,2028
0.0608467475150676,0.0515867677706606,0.997017161705514,0.99547086926976,737,Trisik,March,3,2028
0.0506603073704234,0.0384676854203973,0.9957677891447234,0.9966821148327568,713,Trisik,April,4,2028
0.0377825920774235,0.0287039419538514,0.9961698233094682,0.9980136410371968,737,Trisik,May,5,2028
0.033730518504916,0.0286609620909076,0.997633491783579,0.9984255384468004,713,Trisik,June,6,2028
0.0466924308045864,0.0392531848435818,0.9975091626817768,0.9970718879985898,737,Trisik,July,7,2028
0.0586121942988734,0.0498882365651742,0.996871145863983,0.9955091063928052,737,Trisik,August,8,2028
0.055541607588266,0.0477449353598989,0.9976509451470166,0.9960895055015144,713,Trisik,September,9,2028
0.0426873940915598,0.0368891915330008,0.9983404249767868,0.9976013235586876,737,Trisik,October,10,2028
0.0315797746048577,0.0250905427593606,0.9980046704913904,0.9986595049811052,713,Trisik,November,11,2028
0.0352172149153615,0.0288768257688693,0.99697954726523,0.9983344829749796,737,Trisik,December,12,2028
0.0531179758794036,0.0445659262332075,0.9970578172698992,0.9963353952796976,737,Ngenthak,January,1,2028
0.0631711955482391,0.0554050100013731,0.9977480509599682,0.9950418839284518,689,Ngenthak,February,2,2028
0.0608467475150676,0.0515867677706606,0.997017161705514,0.99547086926976,737,Ngenthak,March,3,2028
0.0506603073704234,0.0384676854203973,0.9957677891447234,0.9966821148327568,713,Ngenthak,April,4,2028
0.0377825920774235,0.0287039419538514,0.9961698233094682,0.9980136410371968,737,Ngenthak,May,5,2028
0.033730518504916,0.0286609620909076,0.997633491783579,0.9984255384468004,713,Ngenthak,June,6,2028
0.0466924308045864,0.0392531848435818,0.9975091626817768,0.9970718879985898,737,Ngenthak,July,7,2028
0.0586121942988734,0.0498882365651742,0.996871145863983,0.9955091063928052,737,Ngenthak,August,8,2028
0.055541607588266,0.0477449353598989,0.9976509451470166,0.9960895055015144,713,Ngenthak,September,9,2028
0.0426873940915598,0.0368891915330008,0.9983404249767868,0.9976013235586876,737,Ngenthak,October,10,2028
0.0315797746048577,0.0250905427593606,0.9980046704913904,0.9986595049811052,713,Ngenthak,November,11,2028
0.0352172149153615,0.0288768257688693,0.99697954726523,0.9983344829749796,737,Ngenthak,December,12,2028
0.0531179758794036,0.0445659262332075,0.9970578172698992,0.9963353952796976,737,Kuwaru,January,1,2028
0.0631711955482391,0.0554050100013731,0.9977480509599682,0.9950418839284518,689,Kuwaru,February,2,2028
0.0608467475150676,0.0515867677706606,0.997017161705514,0.99547086926976,737,Kuwaru,March,3,2028
0.0506603073704234,0.0384676854203973,0.9957677891447234,0.9966821148327568,713,Kuwaru,April,4,2028
0.0377825920774235,0.0287039419538514,0.9961698233094682,0.9980136410371968,737,Kuwaru,May,5,2028
0.033730518504916,0.0286609620909076,0.997633491783579,0.9984255384468004,713,Kuwaru,June,6,2028
0.0466924308045864,0.0392531848435818,0.9975091626817768,0.9970718879985898,737,Kuwaru,July,7,2028
0.0586121942988734,0.0498882365651742,0.996871145863983,0.9955091063928052,737,Kuwaru,August,8,2028
0.055541607588266,0.0477449353598989,0.9976509451470166,0.9960895055015144,713,Kuwaru,September,9,2028
0.0426873940915598,0.0368891915330008,0.9983404249767868,0.9976013235586876,737,Kuwaru,October,10,2028
0.0315797746048577,0.0250905427593606,0.9980046704913904,0.9986595049811052,713,Kuwaru,November,11,2028
0.0352172149153615,0.0288768257688693,0.99697954726523,0.9983344829749796,737,Kuwaru,December,12,2028
0.0531179758794036,0.0445659262332075,0.9970578172698992,0.9963353952796976,737,Goa Cemara,January,1,2028
0.0631711955482391,0.0554050100013731,0.9977480509599682,0.9950418839284518,689,Goa Cemara,February,2,2028
0.0608467475150676,0.0515867677706606,0.997017161705514,0.99547086926976,737,Goa Cemara,March,3,2028
0.0506603073704234,0.0384676854203973,0.9957677891447234,0.9966821148327568,713,Goa Cemara,April,4,2028
0.0377825920774235,0.0287039419538514,0.9961698233094682,0.9980136410371968,737,Goa Cemara,May,5,2028
0.033730518504916,0.0286609620909076,0.997633491783579,0.9984255384468004,713,Goa Cemara,June,6,2028
0.0466924308045864,0.0392531848435818,0.9975091626817768,0.9970718879985898,737,Goa Cemara,July,7,2028
0.0586121942988734,0.0498882365651742,0.996871145863983,0.9955091063928052,737,Goa Cemara,August,8,2028
0.055541607588266,0.0477449353598989,0.9976509451470166,0.9960895055015144,713,Goa Cemara,September,9,2028
0.0426873940915598,0.0368891915330008,0.9983404249767868,0.9976013235586876,737,Goa Cemara,October,10,2028
0.0315797746048577,0.0250905427593606,0.9980046704913904,0.9986595049811052,713,Goa Cemara,November,11,2028
0.0352172149153615,0.0288768257688693,0.99697954726523,0.9983344829749796,737,Goa Cemara,December,12,2028
0.0560434069289531,0.0462415868546433,0.9967245862147514,0.995959123433016,737,Samas,January,1,2028
0.066265214703764,0.0572577464196448,0.997522297750179,0.9946002341648684,689,Samas,February,2,2028
0.062267800856343,0.0523024103284622,0.9971915105475576,0.9953078841297628,737,Samas,March,3,2028
0.0506749441570001,0.0378174304195859,0.9960190482920902,0.9967138626950436,713,Samas,April,4,2028
0.0383865296093788,0.0289286155242907,0.9960717176459007,0.997970112070432,737,Samas,May,5,2028
0.0359745823134374,0.0304269321127434,0.9973459600054738,0.9982272632356028,713,Samas,June,6,2028
0.0488964162846232,0.0408508239396029,0.9973915794382336,0.9968212565000516,737,Samas,July,7,2028
0.0611474379201669,0.0521849905891493,0.9968189035127796,0.99516028055125,737,Samas,August,8,2028
0.0590005115258847,0.0508422011745037,0.9974767002612204,0.9956341222667432,713,Samas,September,9,2028
0.0460722559471936,0.0395169708042556,0.99810083824876,0.9972374678065548,737,Samas,October,10,2028
0.0335770661556481,0.0261654244270952,0.997833943019674,0.9985000537456143,713,Samas,November,11,2028
0.0372837479195719,0.0306214200270533,0.9967396864482038,0.9981495425933689,737,Samas,December,12,2028
0.0560434069289531,0.0462415868546433,0.9967245862147514,0.995959123433016,737,Depok,January,1,2028
0.066265214703764,0.0572577464196448,0.997522297750179,0.9946002341648684,689,Depok,February,2,2028
0.062267800856343,0.0523024103284622,0.9971915105475576,0.9953078841297628,737,Depok,March,3,2028
0.0506749441570001,0.0378174304195859,0.9960190482920902,0.9967138626950436,713,Depok,April,4,2028
0.0383865296093788,0.0289286155242907,0.9960717176459007,0.997970112070432,737,Depok,May,5,2028
0.0359745823134374,0.0304269321127434,0.9973459600054738,0.9982272632356028,713,Depok,June,6,2028
0.0488964162846232,0.0408508239396029,0.9973915794382336,0.9968212565000516,737,Depok,July,7,2028
0.0611474379201669,0.0521849905891493,0.9968189035127796,0.99516028055125,737,Depok,August,8,2028
0.0590005115258847,0.0508422011745037,0.9974767002612204,0.9956341222667432,713,Depok,September,9,2028
0.0460722559471936,0.0395169708042556,0.99810083824876,0.9972374678065548,737,Depok,October,10,2028
0.0335770661556481,0.0261654244270952,0.997833943019674,0.9985000537456143,713,Depok,November,11,2028
0.0372837479195719,0.0306214200270533,0.9967396864482038,0.9981495425933689,737,Depok,December,12,2028
0.0464676810796056,0.040468679652535,0.9984610948711706,0.9974210124007148,737,Baron,January,1,2028
0.0585824736139077,0.054539151249572,0.9989569287193928,0.9961096174956384,689,Baron,February,2,2028
0.0565731954495891,0.0514092164120739,0.9986955986943622,0.99643455684579,737,Baron,March,3,2028
0.044435923341553,0.0365336399015602,0.9979418497494836,0.9976614262563878,713,Baron,April,4,2028
0.0304638311495758,0.0233548399038742,0.9979738782353484,0.9988101712203932,737,Baron,May,5,2028
0.0288284127233378,0.0236344896757894,0.9985963893481667,0.9989402951985784,713,Baron,June,6,2028
0.041879085864866,0.0354124513955606,0.9984626377951312,0.9978345137625284,737,Baron,July,7,2028
0.0525409251528265,0.0455086863193541,0.9981394935354124,0.9966993485808489,737,Baron,August,8,2028
0.0510124182387217,0.044643632432768,0.9985972533665866,0.9969988873806008,713,Baron,September,9,2028
0.040932371867879,0.0359610417260999,0.9990099006205496,0.9979914946022382,737,Baron,October,10,2028
0.0279241210378889,0.0226883592734997,0.9989407084182528,0.9990359309548376,713,Baron,November,11,2028
0.0263877921277344,0.0220111139599776,0.9985307907547932,0.9991343394227518,737,Baron,December,12,2028
0.0503301737933942,0.0415783250617593,0.9979766518354464,0.9970451637196996,737,Jungwok,January,1,2028
0.0623303819641248,0.055546590531678,0.9986033642543516,0.9957095127706213,689,Jungwok,February,2,2028
0.0582854401975364,0.0522742187259759,0.99877915368598,0.9963260432908796,737,Jungwok,March,3,2028
0.0446122293946267,0.0346876807090919,0.9980894044846172,0.9977132716736794,713,Jungwok,April,4,2028
0.0308229696895631,0.0223900992362257,0.9978465117365358,0.9988167073538572,737,Jungwok,May,5,2028
0.0309030684340793,0.0258455917185149,0.9984060931234836,0.998815138216558,713,Jungwok,June,6,2028
0.0449331242376025,0.0385187152250076,0.998404916358024,0.9975723109807234,737,Jungwok,July,7,2028
0.0564672373810859,0.0496103753880056,0.9981309328753374,0.9962903949641794,737,Jungwok,August,8,2028
0.0558263775042871,0.0488771920467214,0.9985647509147676,0.9965105871883886,713,Jungwok,September,9,2028
0.0447619062018658,0.0386438977395224,0.9989089037343122,0.9976694594102964,737,Jungwok,October,10,2028
0.0297952686428424,0.0233897840814672,0.9987770212249762,0.9989317646200432,713,Jungwok,November,11,2028
0.0299145234686939,0.0236161004963231,0.9980936538548058,0.9989132495246982,737,Jungwok,December,12,2028
0.0479906690965434,0.0409560264720293,0.9985685776463956,0.9974282231626206,737,Sadeng,January,1,2028
0.0604143351171461,0.0556326648590303,0.999004208678976,0.99615127878187,689,Sadeng,February,2,2028
0.0597419850916107,0.0534254398267369,0.9986326781558162,0.996318551225098,737,Sadeng,March,3,2028
0.0480207851996668,0.0405242040726207,0.9979053160034104,0.9974683976410486,713,Sadeng,April,4,2028
0.0336866657569813,0.0272867010202787,0.998011720813186,0.9986461871572346,737,Sadeng,May,5,2028
0.0318409168366952,0.0255015246146761,0.9985894569028948,0.998794388089438,713,Sadeng,June,6,2028
0.0442649939465189,0.0372291036716077,0.9983644138735468,0.9977436500208562,737,Sadeng,July,7,2028
0.0541501001764294,0.0463160930119467,0.9980181577369438,0.9967410037866368,737,Sadeng,August,8,2028
0.0526696889088478,0.0454491678753589,0.9984666327459218,0.9970381047843496,713,Sadeng,September,9,2028
0.043452898355109,0.0372247121735959,0.9989282538787688,0.9979039920543202,737,Sadeng,October,10,2028
0.0312705301178448,0.0249651173545405,0.9989301461907468,0.9988734327923896,713,Sadeng,November,11,2028
0.028782340491221,0.023871104627823,0.9987095821718242,0.9990350651917882,737,Sadeng,December,12,2028
0.0472257351790331,0.0409932088244677,0.9983219183760604,0.9973083393709896,737,Gesing,January,1,2028
0.0591859673512453,0.0543676915532023,0.9987485628303676,0.9959834741402644,689,Gesing,February,2,2028
0.0582367861843151,0.0520259455758581,0.9983273547968315,0.9961729914944704,737,Gesing,March,3,2028
0.0469889916265291,0.038910666178849,0.997591033133658,0.9973506030709592,713,Gesing,April,4,2028
0.0333863620977833,0.0263862108455142,0.9977835832895184,0.9985529416261512,737,Gesing,May,5,2028
0.031097021303869,0.0248498028669724,0.9984333647333152,0.9987521973318622,713,Gesing,June,6,2028
0.0429202206092416,0.0358288574183953,0.998226838095366,0.997699159077982,737,Gesing,July,7,2028
0.0529009068766387,0.0451995041952095,0.9978803106235264,0.9966138172371538,737,Gesing,August,8,2028
0.0511267165832904,0.0440864782609138,0.9983741157158312,0.9969456678144084,713,Gesing,September,9,2028
0.0418945975801353,0.0358132845612045,0.9988203598530614,0.9978672617654302,737,Gesing,October,10,2028
0.0306449559697764,0.0242644764902539,0.9987344020781924,0.9988246489041908,713,Gesing,November,11,2028
0.0285795455544165,0.0240370760725183,0.9983916679708236,0.9989739445955896,737,Gesing,December,12,2028
0.0516645925452118,0.0428521006963883,0.9973513966815696,0.9965706983055604,737,Congot,January,1,2029
0.0629311224286662,0.0550147182471826,0.9975129123731884,0.9947891795698564,665,Congot,February,2,2029
0.0639525485043099,0.0550086985452318,0.9970329248438582,0.9951152063645284,737,Congot,March,3,2029
0.0488652791729882,0.0391439174450611,0.9965806674934836,0.9970288660368722,713,Congot,April,4,2029
0.0325922045499889,0.0261556845904686,0.9973787559871852,0.9986133937916574,737,Congot,May,5,2029
0.0319515276609455,0.0269877744825321,0.998116727987389,0.9985587948161464,713,Congot,June,6,2029
0.0443812146559547,0.0371286633257863,0.9976751297698526,0.997293093096334,737,Congot,July,7,2029
0.0560859379650657,0.0477062452594525,0.9970588901322682,0.9958368453409993,737,Congot,August,8,2029
0.0556816069452697,0.0485286064072671,0.9976248727106436,0.9960063958825868,713,Congot,September,9,2029
0.0426736314011354,0.0375621808739911,0.9985325148876626,0.9975580674352452,737,Congot,October,10,2029
0.0309336592927834,0.0255591196665976,0.998035832578792,0.998736277480218,713,Congot,November,11,2029
0.035150915324991,0.027755815903719,0.9972996394062358,0.9983935250435008,737,Congot,December,12,2029
0.0516645925452118,0.0428521006963883,0.9973513966815696,0.9965706983055604,737,Glagah,January,1,2029
0.0629311224286662,0.0550147182471826,0.9975129123731884,0.9947891795698564,665,Glagah,February,2,2029
0.0639525485043099,0.0550086985452318,0.9970329248438582,0.9951152063645284,737,Glagah,March,3,2029
0.0488652791729882,0.0391439174450611,0.9965806674934836,0.9970288660368722,713,Glagah,April,4,2029
0.0325922045499889,0.0261556845904686,0.9973787559871852,0.9986133937916574,737,Glagah,May,5,2029
0.0319515276609455,0.0269877744825321,0.998116727987389,0.9985587948161464,713,Glagah,June,6,2029
0.0443812146559547,0.0371286633257863,0.9976751297698526,0.997293093096334,737,Glagah,July,7,2029
0.0560859379650657,0.0477062452594525,0.9970588901322682,0.9958368453409993,737,Glagah,August,8,2029
0.0556816069452697,0.0485286064072671,0.9976248727106436,0.9960063958825868,713,Glagah,September,9,2029
0.0426736314011354,0.0375621808739911,0.9985325148876626,0.9975580674352452,737,Glagah,October,10,2029
0.0309336592927834,0.0255591196665976,0.998035832578792,0.998736277480218,713,Glagah,November,11,2029
0.035150915324991,0.027755815903719,0.9972996394062358,0.9983935250435008,737,Glagah,December,12,2029
0.0523484212607628,0.0433301027642872,0.997263653338868,0.9965050639215866,737,Bugel,January,1,2029
0.0631367183966118,0.0546007501819771,0.9975437323089966,0.9947974775257294,665,Bugel,February,2,2029
0.0639620652646917,0.0545964957364443,0.9971323144203637,0.9951568224327582,737,Bugel,March,3,2029
0.0484983031760109,0.0386669628632835,0.9966792282678824,0.9970963025292616,713,Bugel,April,4,2029
0.0324099470536437,0.0258460623053295,0.997354346163961,0.99863815203662,737,Bugel,May,5,2029
0.0324546722694322,0.027462626129832,0.9979701554059728,0.9985228373416464,713,Bugel,June,6,2029
0.0448521118338184,0.0374313388457545,0.997586458781784,0.9972545577891114,737,Bugel,July,7,2029
0.0566696633484816,0.0484159241493755,0.9970430255713948,0.9957827085965336,737,Bugel,August,8,2029
0.0566828013985991,0.049540645449397,0.9975786330002973,0.9958965350011074,713,Bugel,September,9,2029
0.0438869222283589,0.0383859444761535,0.9984496656270468,0.9974398089188696,737,Bugel,October,10,2029
0.0319116942084525,0.0264115477953238,0.9980048854119024,0.9986659129388646,713,Bugel,November,11,2029
0.0358080054577326,0.0281803265988589,0.9972870873104628,0.9983446703409118,737,Bugel,December,12,2029
0.0523484212607628,0.0433301027642872,0.997263653338868,0.9965050639215866,737,Trisik,January,1,2029
0.0631367183966118,0.0546007501819771,0.9975437323089966,0.9947974775257294,665,Trisik,February,2,2029
0.0639620652646917,0.0545964957364443,0.9971323144203637,0.9951568224327582,737,Trisik,March,3,2029
0.0484983031760109,0.0386669628632835,0.9966792282678824,0.9970963025292616,713,Trisik,April,4,2029
0.0324099470536437,0.0258460623053295,0.997354346163961,0.99863815203662,737,Trisik,May,5,2029
0.0324546722694322,0.027462626129832,0.9979701554059728,0.9985228373416464,713,Trisik,June,6,2029
0.0448521118338184,0.0374313388457545,0.997586458781784,0.9972545577891114,737,Trisik,July,7,2029
0.0566696633484816,0.0484159241493755,0.9970430255713948,0.9957827085965336,737,Trisik,August,8,2029
0.0566828013985991,0.049540645449397,0.9975786330002973,0.9958965350011074,713,Trisik,September,9,2029
0.0438869222283589,0.0383859444761535,0.9984496656270468,0.9974398089188696,737,Trisik,October,10,2029
0.0319116942084525,0.0264115477953238,0.9980048854119024,0.9986659129388646,713,Trisik,November,11,2029
0.0358080054577326,0.0281803265988589,0.9972870873104628,0.9983446703409118,737,Trisik,December,12,2029
0.0523484212607628,0.0433301027642872,0.997263653338868,0.9965050639215866,737,Ngenthak,January,1,2029
0.0631367183966118,0.0546007501819771,0.9975437323089966,0.9947974775257294,665,Ngenthak,February,2,2029
0.0639620652646917,0.0545964957364443,0.9971323144203637,0.9951568224327582,737,Ngenthak,March,3,2029
0.0484983031760109,0.0386669628632835,0.9966792282678824,0.9970963025292616,713,Ngenthak,April,4,2029
0.0324099470536437,0.0258460623053295,0.997354346163961,0.99863815203662,737,Ngenthak,May,5,2029
0.0324546722694322,0.027462626129832,0.9979701554059728,0.9985228373416464,713,Ngenthak,June,6,2029
0.0448521118338184,0.0374313388457545,0.997586458781784,0.9972545577891114,737,Ngenthak,July,7,2029
0.0566696633484816,0.0484159241493755,0.9970430255713948,0.9957827085965336,737,Ngenthak,August,8,2029
0.0566828013985991,0.049540645449397,0.9975786330002973,0.9958965350011074,713,Ngenthak,September,9,2029
0.0438869222283589,0.0383859444761535,0.9984496656270468,0.9974398089188696,737,Ngenthak,October,10,2029
0.0319116942084525,0.0264115477953238,0.9980048854119024,0.9986659129388646,713,Ngenthak,November,11,2029
0.0358080054577326,0.0281803265988589,0.9972870873104628,0.9983446703409118,737,Ngenthak,December,12,2029
0.0523484212607628,0.0433301027642872,0.997263653338868,0.9965050639215866,737,Kuwaru,January,1,2029
0.0631367183966118,0.0546007501819771,0.9975437323089966,0.9947974775257294,665,Kuwaru,February,2,2029
0.0639620652646917,0.0545964957364443,0.9971323144203637,0.9951568224327582,737,Kuwaru,March,3,2029
0.0484983031760109,0.0386669628632835,0.9966792282678824,0.9970963025292616,713,Kuwaru,April,4,2029
0.0324099470536437,0.0258460623053295,0.997354346163961,0.99863815203662,737,Kuwaru,May,5,2029
0.0324546722694322,0.027462626129832,0.9979701554059728,0.9985228373416464,713,Kuwaru,June,6,2029
0.0448521118338184,0.0374313388457545,0.997586458781784,0.9972545577891114,737,Kuwaru,July,7,2029
0.0566696633484816,0.0484159241493755,0.9970430255713948,0.9957827085965336,737,Kuwaru,August,8,2029
0.0566828013985991,0.049540645449397,0.9975786330002973,0.9958965350011074,713,Kuwaru,September,9,2029
0.0438869222283589,0.0383859444761535,0.9984496656270468,0.9974398089188696,737,Kuwaru,October,10,2029
0.0319116942084525,0.0264115477953238,0.9980048854119024,0.9986659129388646,713,Kuwaru,November,11,2029
0.0358080054577326,0.0281803265988589,0.9972870873104628,0.9983446703409118,737,Kuwaru,December,12,2029
0.0523484212607628,0.0433301027642872,0.997263653338868,0.9965050639215866,737,Goa Cemara,January,1,2029
0.0631367183966118,0.0546007501819771,0.9975437323089966,0.9947974775257294,665,Goa Cemara,February,2,2029
0.0639620652646917,0.0545964957364443,0.9971323144203637,0.9951568224327582,737,Goa Cemara,March,3,2029
0.0484983031760109,0.0386669628632835,0.9966792282678824,0.9970963025292616,713,Goa Cemara,April,4,2029
0.0324099470536437,0.0258460623053295,0.997354346163961,0.99863815203662,737,Goa Cemara,May,5,2029
0.0324546722694322,0.027462626129832,0.9979701554059728,0.9985228373416464,713,Goa Cemara,June,6,2029
0.0448521118338184,0.0374313388457545,0.997586458781784,0.9972545577891114,737,Goa Cemara,July,7,2029
0.0566696633484816,0.0484159241493755,0.9970430255713948,0.9957827085965336,737,Goa Cemara,August,8,2029
0.0566828013985991,0.049540645449397,0.9975786330002973,0.9958965350011074,713,Goa Cemara,September,9,2029
0.0438869222283589,0.0383859444761535,0.9984496656270468,0.9974398089188696,737,Goa Cemara,October,10,2029
0.0319116942084525,0.0264115477953238,0.9980048854119024,0.9986659129388646,713,Goa Cemara,November,11,2029
0.0358080054577326,0.0281803265988589,0.9972870873104628,0.9983446703409118,737,Goa Cemara,December,12,2029
0.0556231652955158,0.04580355649405,0.9968648508100356,0.9960903420637756,737,Samas,January,1,2029
0.0658730218028381,0.0561414917184118,0.9973844329053104,0.9943947053516872,665,Samas,February,2,2029
0.065840911427307,0.0555925715093971,0.9972400799456012,0.9949264016071976,737,Samas,March,3,2029
0.0488810092657824,0.0388182028722047,0.9968904024822404,0.9970824977033312,713,Samas,April,4,2029
0.032943803958688,0.0259413457333481,0.997276155718396,0.9986070445441853,737,Samas,May,5,2029
0.0347021658862736,0.0293551351952179,0.9976242523216904,0.9983276530596188,713,Samas,June,6,2029
0.0473143092287934,0.0394185759360219,0.9973627261245388,0.9969745859081154,737,Samas,July,7,2029
0.0592230145875306,0.0509412298585841,0.9969858872342738,0.9954406912566348,737,Samas,August,8,2029
0.0599625374682989,0.0524149544143653,0.9974256129142206,0.9954572039792904,713,Samas,September,9,2029
0.0475511294812581,0.0410346251133514,0.9981796164538306,0.9970282811153058,737,Samas,October,10,2029
0.035045630829904,0.0286269719504929,0.9977628315548324,0.9984079015467224,713,Samas,November,11,2029
0.0385384440517891,0.0305325835556117,0.9970296356819974,0.9981002331478102,737,Samas,December,12,2029
0.0556231652955158,0.04580355649405,0.9968648508100356,0.9960903420637756,737,Depok,January,1,2029
0.0658730218028381,0.0561414917184118,0.9973844329053104,0.9943947053516872,665,Depok,February,2,2029
0.065840911427307,0.0555925715093971,0.9972400799456012,0.9949264016071976,737,Depok,March,3,2029
0.0488810092657824,0.0388182028722047,0.9968904024822404,0.9970824977033312,713,Depok,April,4,2029
0.032943803958688,0.0259413457333481,0.997276155718396,0.9986070445441853,737,Depok,May,5,2029
0.0347021658862736,0.0293551351952179,0.9976242523216904,0.9983276530596188,713,Depok,June,6,2029
0.0473143092287934,0.0394185759360219,0.9973627261245388,0.9969745859081154,737,Depok,July,7,2029
0.0592230145875306,0.0509412298585841,0.9969858872342738,0.9954406912566348,737,Depok,August,8,2029
0.0599625374682989,0.0524149544143653,0.9974256129142206,0.9954572039792904,713,Depok,September,9,2029
0.0475511294812581,0.0410346251133514,0.9981796164538306,0.9970282811153058,737,Depok,October,10,2029
0.035045630829904,0.0286269719504929,0.9977628315548324,0.9984079015467224,713,Depok,November,11,2029
0.0385384440517891,0.0305325835556117,0.9970296356819974,0.9981002331478102,737,Depok,December,12,2029
0.0448805366094332,0.039355878414908,0.9987923388791368,0.9976372040962602,737,Baron,January,1,2029
0.0583605871386587,0.0545197308346175,0.9989634680067276,0.9959369956971345,665,Baron,February,2,2029
0.0591675098406446,0.0540424522216175,0.9987488881457798,0.9962433117359238,737,Baron,March,3,2029
0.0430613129510984,0.0361976600440999,0.9984348928418828,0.997908528555926,713,Baron,April,4,2029
0.0262174393558446,0.0213324103955643,0.9986317826134132,0.9991774588682548,737,Baron,May,5,2029
0.0271811454614295,0.0222283441454863,0.998985536593584,0.9990424571228148,713,Baron,June,6,2029
0.0398818340053825,0.034599538014259,0.9987253514395764,0.998003476303273,737,Baron,July,7,2029
0.0510661069708152,0.044961256626522,0.998333796088863,0.9968701276413692,737,Baron,August,8,2029
0.0522282064400874,0.0465197476331098,0.9985778977919078,0.996826582006648,713,Baron,September,9,2029
0.0416275443363067,0.0371763950698248,0.999098810533039,0.99789875377864,737,Baron,October,10,2029
0.0260753042744013,0.0215513772402898,0.9990313159111864,0.999182976724154,713,Baron,November,11,2029
0.0260996008049685,0.0205656985089567,0.9986739302211376,0.9991891554878086,737,Baron,December,12,2029
0.0500840021276571,0.0417858514712253,0.9980973082302784,0.9971258594287687,737,Jungwok,January,1,2029
0.0618925706335304,0.0557456831524037,0.998618753962963,0.9955488584520408,665,Jungwok,February,2,2029
0.0615262335135527,0.0551765015221358,0.998793375324438,0.9960601151269336,737,Jungwok,March,3,2029
0.0433964958219338,0.0361371660967194,0.9986440704012464,0.9979407886493238,713,Jungwok,April,4,2029
0.0255828711195701,0.0203134205600322,0.9986219649093208,0.9992388803740604,737,Jungwok,May,5,2029
0.0291441692109342,0.0242243031646023,0.9986620035578144,0.9989281271803678,713,Jungwok,June,6,2029
0.0431851491972684,0.0366867119821481,0.9984756490433288,0.997721078164419,737,Jungwok,July,7,2029
0.055268566144504,0.0483936973698063,0.9982665412537964,0.9964371979147066,737,Jungwok,August,8,2029
0.0570381050224808,0.0499326733388976,0.998509015929918,0.9963264357566728,713,Jungwok,September,9,2029
0.0463822596643521,0.0397209408162595,0.9988896854945684,0.9974680122469892,737,Jungwok,October,10,2029
0.0312064916720816,0.0254351054382614,0.9987073279157784,0.9988613661234462,713,Jungwok,November,11,2029
0.030952272546816,0.02333840905801,0.9982693010312232,0.9988865725103908,737,Jungwok,December,12,2029
0.0462355434967346,0.0406763031543453,0.9989756898277024,0.9976550390339142,737,Sadeng,January,1,2029
0.0603495591276912,0.0555321590329799,0.9989921265844968,0.995959250500186,665,Sadeng,February,2,2029
0.0618204297552931,0.0552918878785214,0.9986367475911078,0.99620824265167,737,Sadeng,March,3,2029
0.0467007207724341,0.0395810077902673,0.9982931497779703,0.9977215733437332,713,Sadeng,April,4,2029
0.0306282838457806,0.0251267157056481,0.9985659557858034,0.9989549480908826,737,Sadeng,May,5,2029
0.0303712425557498,0.0239882898033143,0.9990274524166656,0.99888448902374,713,Sadeng,June,6,2029
0.0425643385380585,0.0366294168702113,0.9987150560975144,0.997882424536363,737,Sadeng,July,7,2029
0.0528447956436761,0.0461868247004902,0.9982582454639798,0.996890820081588,737,Sadeng,August,8,2029
0.0533866919071766,0.0475249562464764,0.9985130424912128,0.9969305097757882,713,Sadeng,September,9,2029
0.043210685059485,0.0380949941398702,0.9990187270581248,0.9979012336893242,737,Sadeng,October,10,2029
0.0284641762080544,0.0228382070624342,0.9990224137663534,0.9990932347990688,713,Sadeng,November,11,2029
0.0279798320434985,0.0229476384850541,0.9987589722784378,0.9991276348217654,737,Sadeng,December,12,2029
0.0452029589857333,0.0396339912677037,0.9987339863685656,0.9975782763933544,737,Gesing,January,1,2029
0.0589925787577676,0.0541139457381808,0.9987452484144476,0.9958008992470752,665,Gesing,February,2,2029
0.0606341207049074,0.054234456721076,0.9983962142271948,0.996001664868224,737,Gesing,March,3,2029
0.0409227842746521,0.0350088836449999,0.9985724144566968,0.9978735009942672,737,Gesing,July,7,2029
0.0514183034199368,0.0446689204413358,0.9981056643527828,0.9967872075577332,737,Gesing,August,8,2029
0.0523277699298544,0.046148827027675,0.9983645399346665,0.9967721902629586,713,Gesing,September,9,2029
0.0421124913109938,0.0369127267539128,0.998944140422257,0.997820462416206,737,Gesing,October,10,2029
0.0277410515798215,0.0218684995661823,0.9988899527745108,0.9990637346621944,713,Gesing,November,11,2029
0.0278923889460734,0.0225657780866177,0.9985276212680866,0.9990639466333416,737,Gesing,December,12,2029
