station,longitude,latitude,pergeseran_meter
Congot,110.0313707,-7.903369915,0.0
Glagah,110.058879,-7.91385926,0.0
Bugel,110.1509196,-7.952069022,0.0
Trisik,110.1838675,-7.971161565,0.0
Ngenthak,110.2193008,-7.991655391,0.0
Kuwaru,110.2245794,-7.99369532,0.0
Goa Cemara,110.2448847,-7.998691704,0.0
Samas,110.24771170182976,-8.022534986192591,2226.3999999994803
Depok,110.23781750800627,-8.153363440048446,0.0
Baron,110.52563003777624,-8.261101090536497,0.0
Jungwok,110.72094397406872,-8.254067986809163,5565.999999999673
Sadeng,110.7946504,-8.250601385000001,5566.000000000079
Gesing,110.39911409816162,-8.252616940366815,2783.00000000004
